{
	"id": "fddf3fd33611bb6092e8f95b6105b153",
	"_format": "hh-sol-build-info-1",
	"solcVersion": "0.8.22",
	"solcLongVersion": "0.8.22+commit.4fc1097e",
	"input": {
		"language": "Solidity",
		"sources": {
			"ComfortnftToken/ComfortnftT.sol": {
				"content": "// SPDX-License-Identifier: MIT\r\n"
			}
		},
		"settings": {
			"optimizer": {
				"enabled": false,
				"runs": 200
			},
			"outputSelection": {
				"*": {
					"": [
						"ast"
					],
					"*": [
						"abi",
						"metadata",
						"devdoc",
						"userdoc",
						"storageLayout",
						"evm.legacyAssembly",
						"evm.bytecode",
						"evm.deployedBytecode",
						"evm.methodIdentifiers",
						"evm.gasEstimates",
						"evm.assembly"
					]
				}
			},
			"remappings": []
		}
	},
	"output": {
		"errors": [
			{
				"component": "general",
				"errorCode": "3420",
				"formattedMessage": "Warning: Source file does not specify required compiler version! Consider adding \"pragma solidity ^0.8.22;\"\n--> ComfortnftToken/ComfortnftT.sol\n\n",
				"message": "Source file does not specify required compiler version! Consider adding \"pragma solidity ^0.8.22;\"",
				"severity": "warning",
				"sourceLocation": {
					"end": -1,
					"file": "ComfortnftToken/ComfortnftT.sol",
					"start": -1
				},
				"type": "Warning"
			}
		],
		"sources": {
			"ComfortnftToken/ComfortnftT.sol": {
				"ast": {
					"absolutePath": "ComfortnftToken/ComfortnftT.sol",
					"exportedSymbols": {},
					"id": 1,
					"license": "MIT",
					"nodeType": "SourceUnit",
					"nodes": [],
					"src": "33:0:0"
				},
				"id": 0
			}
		}
	}
}